Name,Lot No.,Kilometers,Price
Good Condition Scooter,61,27000,"Rs. 80,000"
Apache,59,,"Rs. 75,000"
Rtr200,80,,"Rs. 1,50,000"
Rtr 200 On Urgent Sale,06,33000,"Rs. 1,60,000"
Tvs Ntorq,13,60,"Rs. 2,35,000"
Tvs Ntorq,13,60,"Rs. 2,35,000"
Ntorq Race Edition Ex With Bullet Or Other Bike,18,800,"Rs. 2,50,000"
Tvs Apache 180,48,14000,"Rs. 50,000"
Tvs Ntorq 125,13,11000,"Rs. 1,95,000"
Apache Rtr 200 On Sale,97,16100,"Rs. 2,10,000"
Apache Rtr 160,Ga,68k,"Rs. 55,000"
Not Dio,97,4000,"Rs. 1,35,000"
Tvs Ntorq,10,,"Rs. 1,80,000"
Tvs Ntorq,10,,"Rs. 1,80,000"
Rtr 160 Fresh Condition,02,10100,"Rs. 1,79,999"
Apache 200 4v On Cell,81,16500,"Rs. 1,75,000"
Sell,19,,"Rs. 70,000"
Intorq125,01,8004,"Rs. 19,00,000"
Bike On Sale,79,27000,"Rs. 1,75,000"
Tvs Apache 2004v Race Edition 2.0,06,14000,"Rs. 2,65,000"
Ntorq Scooter On Sale,59,20000,"Rs. 1,69,000"
Ntorq 003 Lot,03,14000,"Rs. 1,80,000"
Apache Rr 310 Brand New On Test Bike On Sale,04,142,"Rs. 6,80,000"
Ntorq On Sale,00,9000,"Rs. 1,85,000"
Apache160,52,50000,"Rs. 90,000"
Apchee 200 On Sale,85,,"Rs. 1,65,000"
Tvs Wego,53,18000,"Rs. 75,000"
Tvs Wego,53,18000,"Rs. 75,000"
Tvs Apache 180 White,62,,"Rs. 1,20,000"
Apache Rtr 200 Black,84,,"Rs. 1,75,000"
Ntorq Race Edition Showroom Condition.,03,,"Rs. 2,40,000"
Fully Fresh Rtr 200,78,,"Rs. 1,65,000"
Apache 160 4v,09,5500,"Rs. 2,60,000"
Apache Rtr 180 On Sale,41,40000,"Rs. 70,000"
Tvs Apache Rtr 160,6,,"Rs. 77,500"
Tvs Apache Rtr 160,6,,"Rs. 77,500"
Tvs Apache Rtr 200cc (001 Lot),01,15400,"Rs. 2,38,000"
Tvs Apache Rtr 160 4v,98,13669,"Rs. 2,30,000"
Ntroq Tvs,10,2250,"Rs. 1,90,000"
Apache 200 4v 86 Lot For Exchange,86,21k,"Rs. 1,70,000"
Tvs Apache 1604v 2020,00,6700,"Rs. 2,55,000"
Jupiter Just Dainpaint With New Tyres,73,29000,"Rs. 90,000"
Tvs Ntorq,16,4000,"Rs. 2,20,000"
New Model Apachey Rtr 180 Double Disc Bike On Sale...,57,,"Rs. 82,000"
Tvs Rtr 180cc,44,,"Rs. 80,000"
Urgent Sell,98,,"Rs. 2,20,000"
Tvs Apache 180,63,,"Rs. 99,000"
310rr,16,70,"Rs. 6,80,000"
Apache 200,01,14500,"Rs. 2,15,000"
Apache 200,01,14500,"Rs. 2,15,000"
Apache 160,9 ,50000,"Rs. 78,000"
Apache Rtr 160 On Sale,01,6600,"Rs. 2,45,000"
2004v Race Edition,10,9764,"Rs. 2,60,000"
Tvs Apache Urgently For Sale,92,24580,"Rs. 1,78,000"
Tvs Apache Rtr-200 4v Racing Edition 2.0,02,16500,"Rs. 2,29,000"
Tvs Apache Rr 310,- ,,"Rs. 7,79,900"
99 Lot Apache 160 Bike Sell/xchange,99,24000,"Rs. 1,69,000"
99 Lot Apache 160 Bike Sell/xchange,99,24000,"Rs. 1,69,000"
Tvs Apache Rtr 180,44,60000,"Rs. 80,000"
Rtr 200 4v,95,20000,"Rs. 2,50,000"
Tvs Rtr On Sale Excellent Condition 270000km,61,27000,"Rs. 1,40,000"
Tvs Scooty Sell,28,"33,000","Rs. 22,000"
Tvs Apache Rtr(abs) 200cc,Na,,"Rs. 3,41,900"
Selling Jupiter Scooter,96,12000,"Rs. 1,50,000"
Naya Motorcycle Tu Bikarima Xa 4200 Matra Chaleko Chalaune Kohi Xin,02,4200,"Rs. 2,55,000"
Tvs Apache Rtr180,62,30000,"Rs. 1,20,000"
Tvs Apache 160 For Sale..,44,54000,"Rs. 75,000"
Rtr 160 Old Modle,27,61000,"Rs. 60,000"
Scooty Pept +,34,,"Rs. 30,000"
Apache 160 On Sale Hurry Up,53,,"Rs. 1,15,000"
Tvs Stryker 125cc (002),02,19900,"Rs. 1,28,000"
Tvs Stryker 125cc (002),02,19900,"Rs. 1,28,000"
On Test Tvs 310rr For Sale,04,150,"Rs. 6,85,000"
Tvs Jupiter Classic 110cc (92 Lot),91,18700,"Rs. 1,09,000"
Tvs Apache Rtr 200 4v,- ,,"Rs. 3,24,900"
Rtr Apache 160,1 ,18000,"Rs. 1,85,000"
Tvs Apache Rtr 200 4v On Sell,80,24000,"Rs. 1,85,000"
Tvs Rtr 200 4v 96lot,96,20000,"Rs. 2,10,000"
Youngster One N Only Fav Tvs Naked Sport N Racing Bike Apache Rtr2004,04,10000,"Rs. 2,35,900"
Youngster One N Only Fav Tvs Naked Sport N Racing Bike Apache Rtr2004,04,10000,"Rs. 2,35,900"
Tvs Apache Rr 310 On Urgent Sale,10,10232,"Rs. 6,50,000"
Apache Rtr 200,98,20000,"Rs. 2,15,000"
Tvs Ntorq Race Re,Na,,"Rs. 2,51,900"
Tvs Apache Rtr 160cc (001 Lot),01,19700,"Rs. 1,78,000"
Tvs Jupiter Classic,93,,"Rs. 1,35,000"
Tvs Apache Rtr 160 4v,98,11800,"Rs. 2,50,000"
Apache 160,71,,"Rs. 1,30,000"
Apache Rtr 160 Abs,18,850,"Rs. 2,95,000"
Tvs Apache Rtr 160 4v Fd Refresh Smart Connect,Na,,"Rs. 2,74,900"
Rtr 180 Matte Black Mint Condition.,94,12000,"Rs. 2,15,000"
Tvs Stryker 125cc On Sale,55,20200,"Rs. 1,10,000"
Tvs Ntroq 125 Disc,57,8000,"Rs. 1,85,000"
Tvs Apache 200,03,16000,"Rs. 2,30,000"
Tvs Apache 200,03,16000,"Rs. 2,30,000"
Rtr 200 4v 84 Lot On Sale,84,15800,"Rs. 1,85,000"
Tvs Rr 310,17,,"Rs. 7,00,000"
Ntroq On Sale,02,6100,"Rs. 1,90,000"
180cc Apache Bikrima,62,48000,"Rs. 1,25,000"
Tvs Jupiter Classic New Model,98,,"Rs. 1,20,000"
Tvs Jupiter Classic Scooter Scooty,9 ,25000,"Rs. 1,10,000"
Apache 160 Rtr 2v Yellow Even No Plate,71,55k+,"Rs. 1,20,000"
Apache 160 Rtr 2v Yellow Even No Plate,71,55k+,"Rs. 1,20,000"
New Rtr 200 Race Edition In Sale,09,7800,"Rs. 2,70,000"
Aapache 200 4v,00,9756,"Rs. 2,45,000"
Apache Rtr 200 4v 2016 Model,81,20000,"Rs. 1,70,000"
Apache Rtr 180cc,6 ,80000,"Rs. 1,00,000"
Apache 180,39,4560,"Rs. 75,000"
Tvs Apache Rtr 160 4v,- ,,"Rs. 2,90,900"
Apachr 180 Matt Blue Colour,86,,"Rs. 1,65,000"
Ntorq,2 ,1400,"Rs. 2,21,000"
Tvs 160cc Bike Sell,01,13720,"Rs. 1,80,000"
Tvs Xl-100 I-touch,Na,,"Rs. 1,28,900"
Tvs Pep+ Scooter ( Old Model ) On Sale,35,,"Rs. 50,000"
Tvs Rtr 200 Apache Race Edition 2.0,18,6200,"Rs. 2,75,000"
Apache Rtr 160 4v,07,15k,"Rs. 2,50,000"
Apache Rtr 160 4v,07,15k,"Rs. 2,50,000"
Tvs Ntorq,01,13500,"Rs. 1,90,000"
Tvs Apache 200 Like New,92,22000,"Rs. 2,20,000"
Tvs Apache Rtr 1604v (fd),Na,,"Rs. 2,72,900"
Tvs Stryker 125cc (95 Lot),95,23500,"Rs. 1,18,000"
Tvs Ntorq 125,- ,,"Rs. 2,39,900"
Tvs 200,08,6500,"Rs. 2,80,000"
2018 Tvs Apache 200,15,25000,"Rs. 2,10,000"
2018 Tvs Apache 200,15,25000,"Rs. 2,10,000"
Apache 160 Bike For Sale,41,11111,"Rs. 70,000"
Tvs Wego For Sale,67,32000,"Rs. 85,000"
I Need This Headlight,98,,"Rs. 1,11,11,111"
Matt Bluefzs 99lot Double Disk,99,12000,"Rs. 2,12,000"
2nd Hand Tvs Dazz Scooter Sell,9 ,8671,"Rs. 1,23,000"
Tvs Apache Rtr 160 4v Rd Refresh Smart Connect,Na,,"Rs. 2,94,900"
"Tvs Apache Rtr 180 93 Lot ,18500km Run",93,18500,"Rs. 1,75,000"
Tvs Apache On Urgent Sale,86,25,"Rs. 1,80,000"
Rtr 160 Appache 62 Lot,62,,"Rs. 1,10,000"
Tvs Apache Rtr 16o 4v Rd Abs+ Smart Connect,Na,,"Rs. 3,05,900"
83 Lot Rtr Apache 180 On Sale,83,,"Rs. 1,55,000"
Apache 160v4 On Sale,07,8300,"Rs. 2,50,000"
New Tvs Apache Rtr 160 4v 15 Lot,15,2000,"Rs. 2,80,000"
New Tvs Apache Rtr 160 4v 15 Lot,15,2000,"Rs. 2,80,000"
125ntorq Scooter 105lot,05,14000,"Rs. 1,69,000"
Apache 160,61,,"Rs. 1,50,000"
Apache 160 4v Bs4 Edition,14,1800,"Rs. 2,60,000"
Rtr 200 On Sale,89,,"Rs. 2,00,000"
Rtr 200,84,30k,"Rs. 1,86,000"
Tvs Ntorq,99,10000,"Rs. 1,99,000"
Tvs Wego On Sale,11,,"Rs. 95,000"
Tvs Wego On Sale,11,,"Rs. 95,000"
Tvs Apache 160 4v,3 ,11000,"Rs. 2,40,000"
Tvs Jupiter Classic 110cc (95 Lot),92,10800,"Rs. 1,18,000"
Apache Rtr 160 | 002 | 29k Run,02,29000,"Rs. 1,90,000"
Scooty Pep .,12,26000,"Rs. 30,000"
Jupiter,65,,"Rs. 85,000"
Apache200,82,50000,"Rs. 1,60,000"
Urgent Bike On Sell,09,5000,"Rs. 2,20,000"
Motorcycle,3 ,,"Rs. 1,25,000"
Apache Urgent,43,41000,"Rs. 1,60,000"
Tvs Wego Ref 110cc (95 Lot),95,15300,"Rs. 1,08,000"
Tvs Apache Rtr 160cc (44 Lot),44,28600,"Rs. 68,000"
Tvs Ntorq Drum,Na,,"Rs. 2,15,900"
Tvs Apache160 4v On Sell,03,6000,"Rs. 2,40,000"
Tvs Apache160 4v On Sell,03,6000,"Rs. 2,40,000"
Tvs Wego (015 Lot),15,32400,"Rs. 59,000"
"Offer ,offer Offer",08,6000,"Rs. 1,95,000"
Tvs Apache Rtr 150,Na,,"Rs. 2,51,900"
Rr 310 Red - 9700 Km - 111 Lot,11,9700,"Rs. 6,99,999"
Urgent Sale Of Scooty,00,5000,"Rs. 1,60,000"
Rtr200 Black Shine/classic,87,24000,"Rs. 2,00,000"
Apache200,35,14600,"Rs. 2,71,000"
Apache200,35,14600,"Rs. 2,71,000"
Apache Rtr 200 112lot 1st Hand Bike In Sell,12,10000,"Rs. 2,45,000"
51 Lot Rtr On Sale,51,,"Rs. 93,000"
Appachi 1604v,99,17000,"Rs. 2,20,000"
Tvs Jupiter,96,7500,"Rs. 1,50,000"
Tvs Rtr Apache On Sale,52,38k,"Rs. 1,10,000"
Pra -3 -13 Lot Ntroq Disk On Sell,13,10000,"Rs. 2,14,000"
"Tvs Wego On Sale ( 76 Lot , Odd No )",76,22000+,"Rs. 87,999"
Fresh Apache 44 Lot 160 Cc,44,30000,"Rs. 77,000"
Tvs Apache Rtr 180,- ,,"Rs. 2,79,900"
Apache,75,,"Rs. 1,70,000"
Tvs Apache 200 White,81,12000,"Rs. 2,00,000"
Jupiter Classic,01,7900,"Rs. 1,60,000"
Tvs Max 125 Semi Trail,Na,,"Rs. 2,41,900"
Tvs Max 125 Semi Trail,Na,,"Rs. 2,41,900"
160 Grey Apache On Sale,46,,"Rs. 80,000"
200apache 82lot,82,29000,"Rs. 1,60,000"
Tvs 200 4v 78 Lot,78,20500,"Rs. 1,70,000"
Bike For Sale,11,5300,"Rs. 2,65,000"
Tvs Apache Rtr 160,- ,,"Rs. 2,70,900"
Apache 200,50,25300,"Rs. 1,75,000"
Jupiter Classic For Sale,10,9000,"Rs. 1,75,000"
Jupiter Classic For Sale,10,9000,"Rs. 1,75,000"
Tvs Apache 160 4v,35,22000,"Rs. 2,10,000"
Apache 180 Rtr Exchange With Scooty,59,23000,Rs. 123
Tvs Apache Rtr 200 Bike On Sale,83,33000,"Rs. 2,20,000"
Rtr 200,03,11000,"Rs. 2,70,000"
Tvs Bike,19,10000,"Rs. 1,65,000"
Rr310 For Sell,04,1100,"Rs. 5,40,000"
Apache Rtr 160 63 Lot,63,,"Rs. 1,30,000"
Tvs Radeon,Na,,"Rs. 1,85,900"
Tvs Wego On Urgent Sale,00,5000,"Rs. 1,60,000"
Interested Whatsapp Me,09,5000,"Rs. 2,90,000"
Jupiter Scooter .,9 ,9000,"Rs. 1,15,000"
Apache Bike For Sale,20,8000,"Rs. 1,35,000"
42lot Fresh Apache 180cc Urgent Sell Only 78thu,42,32889,"Rs. 78,000"
42lot Fresh Apache 180cc Urgent Sell Only 78thu,42,32889,"Rs. 78,000"
Apache 180 67lot,67,,"Rs. 1,15,000"
Urgent Bike Sale,42,,"Rs. 2,70,000"
Tvs Stryker 125,- ,,"Rs. 1,96,900"
Tvs Jupiter Classic,5 ,3510,"Rs. 1,85,000"
Wego Scooter On Slale,17,,"Rs. 1,70,000"
Tvs Apache Rtr 160 2v Double Disk,Na,,"Rs. 2,61,900"
Tvs Wego,52,13000,"Rs. 1,50,000"
Tvs Wego,52,13000,"Rs. 1,50,000"
Streak,39,2500,"Rs. 54,000"
Apache 160 Fresh,33,,"Rs. 90,000"
Tvs Jupiter,02,10000,"Rs. 1,60,000"
Apache 2004v,27,40632,"Rs. 1,60,000"
Scooty Pep Plus On Sale,46,35000,"Rs. 50,000"
26 Lot 160 Red Apache Rtr For Sale,26,,"Rs. 60,000"
Money Chaeyako Le Garda Ho New Bike Ko Lagi,10,11026,"Rs. 2,05,000"
Apache 200cc,13,8000,"Rs. 2,50,000"
Tvs Apache Rtr 200 Cc,96,"11,105","Rs. 2,15,000"
Tvs Jupiter,- ,,"Rs. 2,11,900"
Lg Personal Tv Mt45,00,,"Rs. 12,000"
Tvs Dazz ( A Product From Indonesia ),- ,,"Rs. 1,99,900"
Tvs Apache 160,Ga,25000,Rs. 140
Tvs Apache 160,Ga,25000,Rs. 140
Tvs Jupiter Scooter,95,,"Rs. 1,55,000"
Rtr Apache 180,73,6000,"Rs. 1,90,000"
Tvs Apache Rtr-160,30,,"Rs. 69,999"
111 Lot New Tvs Stryker 125cc For Sale,11,7000,"Rs. 1,52,000"
Rtr 180 Blue Colour Excellent Condition For Sale,82,,"Rs. 1,75,000"
44 Lot Tvs 160 Apache,44,,"Rs. 78,000"
Apache Rtr160,84,16000,"Rs. 1,55,000"
Apache Rtr160,84,16000,"Rs. 1,55,000"
Tvs Wego-sbs-bsiv,Na,,"Rs. 2,07,900"
Wego 125scoty Red Coliur,71,20450,"Rs. 1,00,000"
Tvs Apache 200 4v 84 Lot On Sale,84,26000,"Rs. 2,00,000"
Tvs Apache 200 4v 94lot On Sell,94,10000,"Rs. 1,99,000"
Uegent Sales,99,28000,"Rs. 2,80,000"
Tvs Victor,17,57143,"Rs. 41,000"
Apache,95,20000,"Rs. 2,30,000"
Tvs Apache Rtr 180,48,65000,"Rs. 90,000"
Tvs Scoty Juputr,21,22193,"Rs. 1,05,000"
On Sell,10,8000,"Rs. 1,60,000"
Tvs Jupiter Classic 91 Lot On Sell,91,8000,"Rs. 1,29,000"
Tvs Classic Urjent Sell,94,24181,"Rs. 1,55,000"
Apache Rtr 200 4v Like New,10,12000,"Rs. 2,70,000"
Apache Rtr 200 4v Like New,10,12000,"Rs. 2,70,000"
On Sell,10,8000,"Rs. 1,60,000"
114 Lot Like Showroom Condition 310 Rr In Sale,14,5k,"Rs. 5,99,000"
50 Lot Aapache Super Fresh Condition Single Handed Used,50,,"Rs. 79,000"
78 Lot Aapache 200 Super Fresh Condition,78,,"Rs. 1,64,000"
102 Lot Apache 4 V 160 Single Hand On Sale,02,,"Rs. 1,98,000"
Apache Rtr 200 4v Bs4,09,11000,"Rs. 2,50,000"
Very Urgent Sale,88,15000,"Rs. 1,70,000"
